cdr3,peptide,label,probs,preds
ASSLRSSYEQY,FQAQHIAMA,1,0.9999879598617554,1
ASRGQNTGELF,IMIEFCPGG,1,0.9957693815231323,1
CASSPTSGGYEQYF,KLNTITPVV,1,0.9822260141372681,1
CASSMSAMGTEAFF,FEDLRVLSF,1,0.7992485165596008,1
CASSGDKNEAFF,ILLDWAANV,1,0.19079884886741638,0
CASSLGAGSYEQYF,VLFHRAFLV,1,0.5425615310668945,1
CATGPPPQDGSYEQYF,MMPFSIVYIV,1,0.43026110529899597,0
CASSLSIIDPRYF,LLAILPYYV,1,0.912980854511261,1
ASSWEGQYNEQF,ESEERPPTPY,1,0.9999967813491821,1
CSVEVGAGETQYF,ILKEPVHGV,1,0.9999886751174927,1
CASSQAAGGRAF,TQGYFPDWQNY,1,0.9940912127494812,1
ASSILGASNQPQH,LVLEVDPNI,1,0.9999103546142578,1
CASSLMGAEAFF,NLFNRYPAL,1,0.9801495671272278,1
CASSPPDQVYNEQFF,SLLQGSPHV,1,0.8670662045478821,1
CASSFGPDEQYF,GMGPLLATV,1,0.994536280632019,1
CASRNTGTTNEKLFF,MLLKHDVSL,1,0.2449418008327484,0
AISARDQNTGELF,RTMEVCYNT,1,0.9987301230430603,1
ASSLDPGANTEAF,TSTLQEQIGW,1,0.9999990463256836,1
CATSRTDISYEQYF,SILDAVQRV,1,0.25652652978897095,0
CASSSPSGYEQYF,ALSYTPAEV,1,0.9588795304298401,1
CASSQGGQDGHGTTNEKLFF,VLASPSVPL,1,0.19261765480041504,0
CASSQVPGSYEQYF,KLNTITPVV,1,0.8214315176010132,1
CASSLAPGGIAF,TQGYFPDWQNY,1,0.9730260968208313,1
CATWDSGNIQYF,KVAELVHFL,1,0.21138177812099457,0
CASSFRGNTGELFF,FLSDHLYLV,1,0.7345038056373596,1
CASSQAAGGRAIF,TQGYFPDWQNY,1,0.7245064973831177,1
ASSTRVVAGNNEQF,FYGKTILWF,1,0.9997401833534241,1
CSARAGLRESTDTQYF,GLMAIAWFI,1,0.11497347056865692,0
ASSARSGELF,HPVGQADYFEY,1,0.9999055862426758,1
CASSYEPGQVSHYSNQPQHF,FLKEQGGL,1,0.434561163187027,0
CAWSWGDSTNSPLHF,YILEETSVM,1,0.20859771966934204,0
CASSLVGADRSGELFF,QLLVSLWGL,1,0.5693836212158203,1
CASSLSFGTEAFF,SVLGDILGSAM,1,0.6519442200660706,1
ASSSEGQFNEQF,ESEERPPTPY,1,0.9999940395355225,1
CASSFGQGYEQYF,LIFNMFYWI,1,0.9618933200836182,1
ASTGSYGYT,LTLTPEIAPYF,1,0.9999947547912598,1
CASSVDRVADTQYF,GMGPLLAMV,1,0.8856863379478455,1
CASSHNRGYEQYF,FLNVLFPLL,1,0.6505756378173828,1
CASSLSFGTEAFF,ELAGIGIATV,1,0.9985401630401611,1
AISARDQNTGELF,KLLEIAPNC,1,0.9993232488632202,1
CSVEGLAGRGYNEQFF,FLIASVTWL,1,0.8366968631744385,1
AISESSREDQETQY,LLHGFSFYL,1,0.9997745156288147,1
CASSITLSSYNEQFF,ITDQVPFSV,1,0.2967049777507782,0
CASSYYGTTDEQYF,GMGPLLAMV,1,0.2442295402288437,0
CASRYRDDSYNEQF,EENLLDFVRF,1,0.9997950196266174,1
CSAPSYRELAGAYLQETQYF,FLNVLFPLL,1,0.12177426367998123,0
CASSPGKTEAFF,IMLEALERV,1,0.3281986713409424,0
CASSLVTGGGEAFF,FLDEFMEAV,1,0.5431557297706604,1
CASRGGSGELF,RAFSPEVIPMF,1,0.9964973330497742,1
CASSLVPQGEEQYF,TLNAWVKVV,1,0.2158522754907608,0
CASSPGTISYEQYF,VLNPFIYML,1,0.5922897458076477,1
CASSLSFGTEAFF,YLLDKETLRL,1,0.980711042881012,1
CASSQGGQDGHGTTNEKLFF,FLASPSVPL,1,0.20909538865089417,0
CASSPRQGDTQYF,KTFPPTEPK,1,0.9790958166122437,1
CASSLASQVETQYF,YLWPPVQLA,1,0.14132706820964813,0
ASSHAGLGVEQY,ALGIGILTV,1,0.9999963045120239,1
CASSQAAGGRAFF,TQGYFPDWQNY,1,0.6468626260757446,1
CASTLGQGNTEAFF,YLLAIFSGL,1,0.9852125644683838,1
ASSMSAMGTEAF,FEDLRVLSF,1,0.9999823570251465,1
ATSTRDTGNEQF,LLHGFSFYL,1,0.9999967813491821,1
AISESVNTEAF,QPRAPIRPI,1,1.0,1
CASSVDGTEETQYF,FLMASISSS,1,0.20265910029411316,0
CASSSLGDSYEQYF,LLFGMTPCL,1,0.9919969439506531,1
CAISERAIRGTSGLTDTQYL,TQGYFPDWQNY,1,0.25224143266677856,0
CSVRVGTQYF,FSSEVLNLV,1,0.9999947547912598,1
CSVGLGQTGTEAFF,VMIIVSSLAV,1,0.9998049139976501,1
CASSLGGFAGNTIYF,KLSHQLVLL,1,0.10067418962717056,0
CASYVGLNTEAFF,RLVPYLEFL,1,0.2272789031267166,0
CSATSGTDTQYF,KLSHQLVLL,1,0.25466805696487427,0
CASSEGQGYEQYF,VLENFTIFLV,1,0.3851805627346039,0
ASSGRSTDTQY,LASYFFWGL,1,0.9998376369476318,1
CASSGRQGSYEQYF,LLAIKVPNV,1,0.9959108829498291,1
CSADRPGQSQETQYF,FIYQYYSSI,1,0.2654101550579071,0
ASSSGNPSTDTQY,EIQEFCPNT,1,0.9997120499610901,1
ASSLGQAYEQY,EEYLQAFTY,1,0.9999864101409912,1
ASRSQNYYGYT,CFVECAPVC,1,0.9999510049819946,1
CASSLAYEQYF,AVGSHVYSV,1,0.9899179339408875,1
CASSFPPAGTGELFF,KIVALGINAV,1,0.5956711173057556,1
CASSYSDAGGYYEQYF,ILNAMITKI,1,0.4332856237888336,0
ASSSGNPSTDTQY,KLLEIAPNC,1,0.9999984502792358,1
ASSRGTLHYGYT,FYGKTILWF,1,0.9897397756576538,1
ASSLGQGLLYGYT,GTSGSPIVDR,1,0.9999898672103882,1
ASSVLNTGELF,GAVECCPNC,1,0.9994623064994812,1
CAISERAIRGTSGLTDTQYF,TQGYFPDWQNY,1,0.2438698709011078,0
CASSLNTEAFF,FLMASISSS,1,0.9938294291496277,1
ATGTGGNDYEQY,TLYSLTLLY,1,0.9999926090240479,1
CAGMTVTEAFF,GLYDGMEHL,1,0.13646146655082703,0
ASSSGNPSTDTQY,NMIHFAPNV,1,0.9999798536300659,1
CASSLYRGGDTQYF,KLFEFLVYGV,1,0.9770481586456299,1
CASSYVGNTGELFF,SLLMWITQC,1,0.9798373579978943,1
ASSEWVFWSSYNSPLH,VYALIAGATL,1,0.9998905658721924,1
CASSLSFGTEAFF,MLFENMGAY,1,0.767685055732727,1
CASSFLGTGLNEQYF,SLVALGINAV,1,0.904379665851593,1
CASSYTGWHEQYF,FLFMYLVTV,1,0.5997914671897888,1
CASSTQGTGVYNEQFF,ALSYTPAEV,1,0.3424799144268036,0
CASIETESTGELFF,FLNDLLSVL,1,0.1413862705230713,0
CASSASGGRDYGYTF,MLYQHLLPL,1,0.08138828724622726,0
CASSLTGGGYEQYF,LLFNKVTLA,1,0.9840899109840393,1
ASSLRQSTDTQY,LLHGFSFYL,1,0.993762195110321,1
CASSPVLGTYGYTF,SLAPLSPRA,1,0.8811092972755432,1
CASSQTLTSGRALLQFF,FQAQHIAMA,0,0.20514507591724396,0
CASSQTLTSGRALLQFF,IMIEFCPGG,0,0.1633225679397583,0
CASSQTLTSGRALLQFF,KLNTITPVV,0,0.20982488989830017,0
CASSQTLTSGRALLQFF,FEDLRVLSF,0,0.20543985068798065,0
CASSQTLTSGRALLQFF,ILLDWAANV,0,0.2252136766910553,0
CASSQTLTSGRALLQFF,VLFHRAFLV,0,0.0705845057964325,0
CASSQTLTSGRALLQFF,MMPFSIVYIV,0,0.20529499650001526,0
CASSQTLTSGRALLQFF,LLAILPYYV,0,0.31466877460479736,0
CASSQTLTSGRALLQFF,ESEERPPTPY,0,0.23942165076732635,0
CASSQTLTSGRALLQFF,ILKEPVHGV,0,0.20159509778022766,0
CASSQTLTSGRALLQFF,TQGYFPDWQNY,0,0.30635035037994385,0
CASSQTLTSGRALLQFF,LVLEVDPNI,0,0.2175373136997223,0
CASSQTLTSGRALLQFF,NLFNRYPAL,0,0.1834077686071396,0
CASSQTLTSGRALLQFF,SLLQGSPHV,0,0.07265492528676987,0
CASSQTLTSGRALLQFF,GMGPLLATV,0,0.3075607717037201,0
CASSQTLTSGRALLQFF,MLLKHDVSL,0,0.10328841209411621,0
CASSQTLTSGRALLQFF,RTMEVCYNT,0,0.2809928357601166,0
CASSQTLTSGRALLQFF,TSTLQEQIGW,0,0.11978055536746979,0
CASSQTLTSGRALLQFF,SILDAVQRV,0,0.33006158471107483,0
CASSQTLTSGRALLQFF,ALSYTPAEV,0,0.2018791139125824,0
CASSQTLTSGRALLQFF,VLASPSVPL,0,0.028155533596873283,0
CASSQTLTSGRALLQFF,KVAELVHFL,0,0.25256699323654175,0
CASSQTLTSGRALLQFF,FLSDHLYLV,0,0.17669931054115295,0
CASSQTLTSGRALLQFF,FYGKTILWF,0,0.029397575184702873,0
CASSQTLTSGRALLQFF,GLMAIAWFI,0,0.21440836787223816,0
CASSQTLTSGRALLQFF,HPVGQADYFEY,0,0.3097951412200928,0
CASSQTLTSGRALLQFF,FLKEQGGL,0,0.15609480440616608,0
CASSQTLTSGRALLQFF,YILEETSVM,0,0.07304232567548752,0
CASSQTLTSGRALLQFF,QLLVSLWGL,0,0.1509462296962738,0
CASSQTLTSGRALLQFF,SVLGDILGSAM,0,0.2127675861120224,0
CASSQTLTSGRALLQFF,LIFNMFYWI,0,0.45557600259780884,0
CASSQTLTSGRALLQFF,LTLTPEIAPYF,0,0.22511009871959686,0
CASSQTLTSGRALLQFF,GMGPLLAMV,0,0.1858469843864441,0
CASSQTLTSGRALLQFF,FLNVLFPLL,0,0.08171053975820541,0
CASSQTLTSGRALLQFF,ELAGIGIATV,0,0.19891129434108734,0
CASSQTLTSGRALLQFF,KLLEIAPNC,0,0.3851566016674042,0
CASSQTLTSGRALLQFF,FLIASVTWL,0,0.14335565268993378,0
CASSQTLTSGRALLQFF,LLHGFSFYL,0,0.14888718724250793,0
CASSQTLTSGRALLQFF,ITDQVPFSV,0,0.2913721799850464,0
CASSQTLTSGRALLQFF,EENLLDFVRF,0,0.16026169061660767,0
CASSQTLTSGRALLQFF,IMLEALERV,0,0.26718980073928833,0
CASSQTLTSGRALLQFF,FLDEFMEAV,0,0.2488715946674347,0
CASSQTLTSGRALLQFF,RAFSPEVIPMF,0,0.09656607359647751,0
CASSQTLTSGRALLQFF,TLNAWVKVV,0,0.05259335786104202,0
CASSQTLTSGRALLQFF,VLNPFIYML,0,0.31771525740623474,0
CASSQTLTSGRALLQFF,YLLDKETLRL,0,0.04254933074116707,0
CASSQTLTSGRALLQFF,FLASPSVPL,0,0.01965067721903324,0
CASSQTLTSGRALLQFF,KTFPPTEPK,0,0.1237206980586052,0
CASSQTLTSGRALLQFF,YLWPPVQLA,0,0.04114888980984688,0
CASSQTLTSGRALLQFF,ALGIGILTV,0,0.1109166368842125,0
CASSQTLTSGRALLQFF,YLLAIFSGL,0,0.09579687565565109,0
CASSQTLTSGRALLQFF,QPRAPIRPI,0,0.11696308106184006,0
CASSQTLTSGRALLQFF,FLMASISSS,0,0.3666890859603882,0
CASSQTLTSGRALLQFF,LLFGMTPCL,0,0.33185553550720215,0
CASSQTLTSGRALLQFF,FSSEVLNLV,0,0.045466430485248566,0
CASSQTLTSGRALLQFF,VMIIVSSLAV,0,0.07669403403997421,0
CASSQTLTSGRALLQFF,KLSHQLVLL,0,0.051430843770504,0
CASSQTLTSGRALLQFF,RLVPYLEFL,0,0.09631466120481491,0
CASSQTLTSGRALLQFF,VLENFTIFLV,0,0.14233429729938507,0
CASSQTLTSGRALLQFF,LASYFFWGL,0,0.302450031042099,0
CASSQTLTSGRALLQFF,LLAIKVPNV,0,0.16794930398464203,0
CASSQTLTSGRALLQFF,FIYQYYSSI,0,0.22345545887947083,0
CASSQTLTSGRALLQFF,EIQEFCPNT,0,0.2428598552942276,0
CASSQTLTSGRALLQFF,EEYLQAFTY,0,0.3021705746650696,0
CASSQTLTSGRALLQFF,CFVECAPVC,0,0.28744205832481384,0
CASSQTLTSGRALLQFF,AVGSHVYSV,0,0.08769632130861282,0
CASSQTLTSGRALLQFF,KIVALGINAV,0,0.24904751777648926,0
CASSQTLTSGRALLQFF,ILNAMITKI,0,0.2661599814891815,0
CASSQTLTSGRALLQFF,GTSGSPIVDR,0,0.1389676183462143,0
CASSQTLTSGRALLQFF,GAVECCPNC,0,0.31340983510017395,0
CASSQTLTSGRALLQFF,TLYSLTLLY,0,0.09308052808046341,0
CASSQTLTSGRALLQFF,GLYDGMEHL,0,0.21883466839790344,0
CASSQTLTSGRALLQFF,NMIHFAPNV,0,0.07612155377864838,0
CASSQTLTSGRALLQFF,KLFEFLVYGV,0,0.3829512596130371,0
CASSQTLTSGRALLQFF,SLLMWITQC,0,0.13402092456817627,0
CASSQTLTSGRALLQFF,VYALIAGATL,0,0.30108264088630676,0
CASSQTLTSGRALLQFF,MLFENMGAY,0,0.17930881679058075,0
CASSQTLTSGRALLQFF,SLVALGINAV,0,0.20018523931503296,0
CASSQTLTSGRALLQFF,FLFMYLVTV,0,0.10819201171398163,0
CASSQTLTSGRALLQFF,FLNDLLSVL,0,0.03163735941052437,0
CASSQTLTSGRALLQFF,MLYQHLLPL,0,0.04243737831711769,0
CASSQTLTSGRALLQFF,LLFNKVTLA,0,0.18848483264446259,0
CASSQTLTSGRALLQFF,SLAPLSPRA,0,0.2042577713727951,0
CASSPVGWGNTIYF,AALPILFQV,1,0.5615967512130737,1
SVEDRRGPFYGYT,AEHSLQVAY,1,0.9998038411140442,1
CASSGLAGGPVSGANVLTF,ALHGGWTTK,1,0.2649432122707367,0
CASSLVAETYEQYF,ALHGGWTTK,1,0.877876877784729,1
CASSTMGDYYEQYF,ALLLQLFTL,1,0.4868992865085602,0
CASSLWAGNTIYF,ALLPGLPAA,1,0.7213249802589417,1
CAINSGFGSPLHF,ALLPGLPAA,1,0.12060008198022842,0
CSASQIYEQYF,ALLPGLPAA,1,0.30506056547164917,0
CASSFSLQYEQYF,ALLPGLPAA,1,0.9528574347496033,1
CASRTLRGHVSEAFF,ALQIPFAMQM,1,0.3439021408557892,0
CAISESSSGNNEQFF,ATDALMTGF,1,0.8940011858940125,1
CASSQDVTSEWVDTIYF,AVGVGKSAL,1,0.23208461701869965,0
CASSQEDNEQFF,AVGVGKSAL,1,0.9936019778251648,1
CASSLMVNEQYF,FAMQMAYRF,1,0.4998571276664734,0
CASSLDGTGREKLFF,FAMQMAYRF,1,0.4770860970020294,0
CASSFGTPSTDTQYF,FAMQMAYRF,1,0.5604648590087891,1
CAISEGAPNTEAFF,FGDHPGHSY,1,0.15847007930278778,0
CASSEEPHEKYFF,FIASNGVKLV,1,0.021122122183442116,0
CASSALGDEQYF,FIASNGVKLV,1,0.8150588274002075,1
CASSVGGGGSTDTQYF,FPQSAPHGVVF,1,0.5076009631156921,1
CASSPIKDTRQEYTGELFF,FTSDYYQLY,1,0.47900062799453735,0
CASKVYGYTF,GARGVGKSAL,1,0.9080010652542114,1
CASSLEGDVFFF,GLMWLSYFV,1,0.881842315196991,1
CASSLTSTRQPQHF,GPRLGVRAT,1,0.80438631772995,1
CASSPPQFTEAFF,GPRLGVRAT,1,0.9238226413726807,1
CASSQDAPGQGSDEQFF,GPRLGVRAT,1,0.39282962679862976,0
CASSPGTGGPFSEQYF,GPRLGVRAT,1,0.4788064956665039,0
CASSLVTGNQPQHF,GPRLGVRAT,1,0.44940710067749023,0
CASSEGDRGLANEKLFF,GPRLGVRAT,1,0.3071919083595276,0
CASSQAPPGQGVDIQYF,GPRLGVRAT,1,0.22463053464889526,0
ASSLARQGSNEQY,GRLKALCQR,1,0.9999896287918091,1
CASSPTLYNEQFF,GVYALIAGA,1,0.6536539793014526,1
CASSLSYLNEQFF,GVYALIAGA,1,0.6414029002189636,1
CASHPVGSLTDTQYF,GVYALIAGA,1,0.07626845687627792,0
CASSEWVFWSSYNSPLHF,GVYALIAGA,1,0.35312068462371826,0
AISLMGTEAF,HTQGYFPDW,1,0.9999858140945435,1
CASSLGRAGYGETQYF,HYPYRLWHY,1,0.2844077944755554,0
ASSPRWGDAGELF,KAALDLSHF,1,0.999896764755249,1
AWETGVRDGYT,KAALDLSHF,1,0.999567449092865,1
ASSLLAGGSLDEQF,KAALDLSHF,1,0.9998928308486938,1
ASSLDLRTFTYEQY,KAALDLSHF,1,0.9999825954437256,1
ASSLERVGYNEQF,KAALDLSHF,1,0.999985933303833,1
ASSLLAGGSLDEQF,KAAVDLSHF,1,0.999839186668396,1
CASSFPGYGYTF,KIYSKHTPI,1,0.8368257284164429,1
CATSGDTQYF,KLVAMGINAV,1,0.9592249989509583,1
CASSLNWGSGYNEQFF,KLVAMGINAV,1,0.4228135347366333,0
CASSLEGGDEQFF,KLVAMGINAV,1,0.5974781513214111,1
CASSVETTGELFF,KLVAMGINAV,1,0.9395022392272949,1
CASIGWGELFF,KLVAMGINAV,1,0.4003852903842926,0
CASAGTANSPLHF,KPRQKRTAT,1,0.21735022962093353,0
CSASSTHSNQPQHF,KQIYKTPPI,1,0.1295115053653717,0
ASSPRWGDAGELF,KSALDLSHF,1,0.9999452829360962,1
ASSLLAGGSLDEQF,KSALDLSHF,1,0.9998941421508789,1
ASSLDLRTFTYEQY,KSALDLSHF,1,0.9999896287918091,1
CASSHTTGDDYGYTF,KSKRTPMGF,1,0.41851183772087097,0
CASSLSGGGTEVF,LLGRNSFEV,1,0.9987959861755371,1
CASEGVHEQFF,LLIRWQHFL,1,0.9866227507591248,1
ASSPSLGSSYEQY,LLVDLAEEL,1,0.9999885559082031,1
CASSSAHYGYTF,MLAKALRKV,1,0.9294381737709045,1
CASSPDDRESSYNEQFF,MLAKALRKV,1,0.5121121406555176,1
CASSIALSTFQPQHF,MQLFFSYFA,1,0.43407297134399414,0
AISLMGTEAF,NTQGYFPDW,1,0.9999817609786987,1
CASSIVPGSPSRGYTF,NYMPYFFTL,1,0.42757153511047363,0
CASSLGTASTDTQYF,PTDNYITTY,1,0.949600338935852,1
CASSFSSNSYEQYF,PTDNYITTY,1,0.4856187403202057,0
CASSSSLVVEQYF,RAQAPPPSW,1,0.9416955709457397,1
CASSFPGQGNTQYF,RAQAPPPSW,1,0.43827250599861145,0
CATFTGNTEAFF,RARSVASQSI,1,0.555061936378479,1
CASSTGSNTGELFF,RIRGGDGKM,1,0.14654487371444702,0
CASSPRDEQFF,RLGEVRHPV,1,0.7622540593147278,1
CASSVASGQLYGYTF,RLGPVQNEV,1,0.4757479131221771,0
CASRVGQNYNSPLHF,RLGPVQNEV,1,0.3090022802352905,0
CASSPSYNEQFF,RLITGRLQSL,1,0.9861526489257812,1
CASSSPDRGGTNEKLFF,RLITGRLQSL,1,0.13585150241851807,0
CSGEGGDTEAFF,RLITGRLQSL,1,0.9604396820068359,1
CSARDPGLEQNIQYF,RLITGRLQSL,1,0.1089969128370285,0
CASSQEGDRVTEAFF,RLITGRLQSL,1,0.20819692313671112,0
CSARSPGELNIQYF,RLITGRLQSL,1,0.08475138247013092,0
CASSQEQEPHQETQYF,RLITGRLQSL,1,0.5529865622520447,1
CSARTGTSEYNEQFF,RLITGRLQSL,1,0.47358083724975586,0
CASSYSIRGSRGEQFF,RLPAKAPL,1,0.2172074168920517,0
CASSYSIRGSRGEQFF,RLPAKAPLL,1,0.05136081948876381,0
ASTEGSVTEAF,RMWDFDIFL,1,0.9964190721511841,1
CASSLGREYGYTF,RMYSPVSI,1,0.9494546055793762,1
CASSLGREYGYTF,RMYSPVSIL,1,0.9778414964675903,1
ASSRLRGSNQPQH,SLLRSLENV,1,0.9999926090240479,1
ASSLRRTATYEQY,SLLRSLENV,1,0.9999991655349731,1
ASSTSGREETQY,SLLRSLENV,1,0.9999935626983643,1
CASSIAGNNEQFF,TLATHGLAAV,1,0.9992502331733704,1
CASGDWGYEQYF,TPAAPAPA,1,0.43258902430534363,0
ASSPGVGNTEAF,TSTLAEQIAW,1,0.9999985694885254,1
ASSPGVGNTEAF,TSTLAEQMAW,1,0.9999971389770508,1
ASSLDPGANTEAF,TSTLAEQMAW,1,0.9999959468841553,1
ASSPRQAGLVTQY,TSTLAEQMAW,1,0.9999958276748657,1
ASSPGVGNTEAF,TSTLAEQVAW,1,0.9999991655349731,1
ASSPGVGNTEAF,TSTLSEQVAW,1,0.9999997615814209,1
ASSPGVGNTEAF,TSTLTEQIAW,1,0.9999990463256836,1
ASSPGVGNTEAF,TSTLTEQVAW,1,0.9999996423721313,1
ASSESGQTYNEQF,VLDGFIPGT,1,0.9997630715370178,1
ASSFAPPSANLRVF,VLDGFIPGT,1,0.9979575872421265,1
ASSKAWTAYNQPQH,VLDGFIPGT,1,0.9998561143875122,1
ASSVGGQGWNTIY,VLDGFIPGT,1,0.9963860511779785,1
CASSLTSGGFDEQFF,VVGAVGVGK,1,0.5767757296562195,1
CASSLAAGGYFNEQFF,VVVGADGVGK,1,0.4729751646518707,0
CASSVAGGGQETQYF,VVVGAVGVGK,1,0.7344352006912231,1
CASSLSFRQGLREQYF,VVVGAVGVGK,1,0.148846834897995,0
CASSPAQGDEQYF,VYAWNRKRI,1,0.41239503026008606,0
CASSQDRSGGATDTQYF,VYFLQSINF,1,0.1354159712791443,0
CASSVAGGLYEQFF,VYIGDPAQL,1,0.3460048735141754,0
CASSQWDNQPQHF,WMRLLPLL,1,0.8254178166389465,1
ASSEGVYEQY,WVLALFDEV,1,0.9999994039535522,1
AWTRLGIREQY,WVLALFDEV,1,0.9995005130767822,1
ASSILASSTDTQY,YILKYSVFL,1,0.9999547004699707,1
ASSILATSTDTQY,YILKYSVFL,1,0.999948263168335,1
ASSLGVDSQETQY,YILKYSVFL,1,0.9999392032623291,1
ASSLLTSSTDTQY,YILKYSVFL,1,0.9999520778656006,1
ASSLRRQSGDTQY,YILKYSVFL,1,0.9999138116836548,1
ASSPVLNTGELF,YILKYSVFL,1,0.9999487400054932,1
ASSQETGTGGPDTQY,YILKYSVFL,1,0.9998130202293396,1
ASSQGPYNEQF,YILKYSVFL,1,0.9999994039535522,1
ASSTGGWQPQH,YILKYSVFL,1,0.9999369382858276,1
ASSTLAASTDTQY,YILKYSVFL,1,0.9998961687088013,1
CASSLGEPQHF,YPDKVFRSSV,1,0.9907309412956238,1
CASSVGGGGSTDTQYF,YPDKVFRSSV,1,0.5563808083534241,1
CASSADAGTSSEQFF,YYTSNPTTF,1,0.12404495477676392,0
CASSLSFGTEAFF,SMLGIGIYPV,1,0.45178884267807007,0
CASSLSFGTEAFF,LMFDRGMSLL,1,0.9649662375450134,1
CASSLSFGTEAFF,ILEDRGFNQV,1,0.9929475784301758,1
CASSLSFGTEAFF,NLSNLGILPV,1,0.9921584129333496,1
CASSLSFGTEAFF,IMEDVGWLNV,1,0.979661226272583,1
CASSLSFGTEAFF,NMGGLGIMPV,1,0.3925063908100128,0
CASSLSFGTEAFF,MMWDRGMGLL,1,0.2624841034412384,0
CASSLSFGTEAFF,SMAGIGIVDV,1,0.8833312392234802,1
CASSQNYEQYF,ALDSRSEHFM,1,0.9162589311599731,1
CASSQNYEQYF,AMDSRADMFV,1,0.9897045493125916,1
CASSQNYEQYF,SMNSREEVFV,1,0.9928728342056274,1
CASSQNYEQYF,IMDSKSENFL,1,0.6871567368507385,1
CASSQNYEQYF,SMNSHSGTFL,1,0.9916884303092957,1
CASSFDAEAF,ALFNTVATL,1,0.9983214735984802,1
CASSFDAEAF,CLFNTVATL,1,0.9933100938796997,1
CASSFDAEAF,DLFNTVATL,1,0.9965419173240662,1
CASSFDAEAF,ELFNTVATL,1,0.9961357712745667,1
CASSFDAEAF,FLFNTVATL,1,0.9941480159759521,1
CASSFDAEAF,GLFNTVATL,1,0.9933915138244629,1
CASSFDAEAF,HLFNTVATL,1,0.9957271814346313,1
CASSFDAEAF,ILFNTVATL,1,0.9977841973304749,1
CASSFDAEAF,KLFNTVATL,1,0.992213785648346,1
CASSFDAEAF,LLFNTVATL,1,0.9973154664039612,1
CASSFDAEAF,MLFNTVATL,1,0.9967730641365051,1
CASSFDAEAF,NLFNTVATL,1,0.9959685802459717,1
CASSFDAEAF,PLFNTVATL,1,0.9927980303764343,1
CASSFDAEAF,QLFNTVATL,1,0.9949047565460205,1
CASSFDAEAF,RLFNTVATL,1,0.9940788745880127,1
CASSFDAEAF,TLFNTVATL,1,0.9943061470985413,1
CASSFDAEAF,VLFNTVATL,1,0.9979305267333984,1
CASSFDAEAF,WLFNTVATL,1,0.9881255626678467,1
CASSFDAEAF,SIFNTVATL,1,0.9938222169876099,1
CASSFDAEAF,SMFNTVATL,1,0.9904457330703735,1
CASSFDAEAF,STFNTVATL,1,0.9977769255638123,1
CASSFDAEAF,SVFNTVATL,1,0.9945987462997437,1
CASSFDAEAF,SLCNTVATL,1,0.9928061366081238,1
CASSFDAEAF,SLWNTVATL,1,0.9959826469421387,1
CASSFDAEAF,SLFCTVATL,1,0.7541772127151489,1
CASSFDAEAF,SLFHTVATL,1,0.9617929458618164,1
CASSFDAEAF,SLFWTVATL,1,0.7725910544395447,1
CASSFDAEAF,SLFYTVATL,1,0.9358895421028137,1
CASSFDAEAF,SLFNSVATL,1,0.99625563621521,1
CASSFDAEAF,SLFNTFATL,1,0.9930402040481567,1
CASSFDAEAF,SLFNTGATL,1,0.9936038851737976,1
CASSFDAEAF,SLFNTIATL,1,0.9920734763145447,1
CASSFDAEAF,SLFNTKATL,1,0.9722318649291992,1
CASSFDAEAF,SLFNTLATL,1,0.9904472827911377,1
CASSFDAEAF,SLFNTPATL,1,0.995284378528595,1
CASSFDAEAF,SLFNTTATL,1,0.99332195520401,1
CASSFDAEAF,SLFNTVCTL,1,0.9820722937583923,1
CASSFDAEAF,SLFNTVETL,1,0.9501168131828308,1
CASSFDAEAF,SLFNTVGTL,1,0.9879514575004578,1
CASSFDAEAF,SLFNTVITL,1,0.9928821325302124,1
CASSFDAEAF,SLFNTVLTL,1,0.9896737337112427,1
CASSFDAEAF,SLFNTVMTL,1,0.9890508651733398,1
CASSFDAEAF,SLFNTVPTL,1,0.9897168874740601,1
CASSFDAEAF,SLFNTVRTL,1,0.9855846762657166,1
CASSFDAEAF,SLFNTVSTL,1,0.991811990737915,1
CASSFDAEAF,SLFNTVTTL,1,0.9829733371734619,1
CASSFDAEAF,SLFNTVVTL,1,0.9912842512130737,1
CASSFDAEAF,SLFNTVWTL,1,0.9910280108451843,1
CASSFDAEAF,SLFNTVAIL,1,0.9936825037002563,1
CASSFDAEAF,SLFNTVALL,1,0.9933870434761047,1
CASSFDAEAF,SLFNTVATF,1,0.9963141083717346,1
CASSFDAEAF,SLFNTVATI,1,0.9954525828361511,1
CASSFDAEAF,SLFNTVATM,1,0.994607150554657,1
CASSFDAEAF,SLFNTVATP,1,0.9949718713760376,1
CASSFDAEAF,SLFNTVATT,1,0.9947202205657959,1
CASSFDAEAF,SLFNTVATV,1,0.9946898221969604,1
CATSSTGTGGGETQY,ALFNTVATL,1,0.9853642582893372,1
CATSSTGTGGGETQY,CLFNTVATL,1,0.9956549406051636,1
CATSSTGTGGGETQY,DLFNTVATL,1,0.9970309734344482,1
CATSSTGTGGGETQY,ELFNTVATL,1,0.9960982799530029,1
CATSSTGTGGGETQY,FLFNTVATL,1,0.9949617385864258,1
CATSSTGTGGGETQY,GLFNTVATL,1,0.9891840219497681,1
CATSSTGTGGGETQY,HLFNTVATL,1,0.9971562623977661,1
CATSSTGTGGGETQY,ILFNTVATL,1,0.9819676876068115,1
CATSSTGTGGGETQY,KLFNTVATL,1,0.9949342608451843,1
CATSSTGTGGGETQY,LLFNTVATL,1,0.9848469495773315,1
CATSSTGTGGGETQY,MLFNTVATL,1,0.994662344455719,1
CATSSTGTGGGETQY,NLFNTVATL,1,0.9763618111610413,1
CATSSTGTGGGETQY,PLFNTVATL,1,0.9942665696144104,1
CATSSTGTGGGETQY,QLFNTVATL,1,0.9840624928474426,1
CATSSTGTGGGETQY,TLFNTVATL,1,0.9972591400146484,1
CATSSTGTGGGETQY,VLFNTVATL,1,0.9779453873634338,1
CATSSTGTGGGETQY,WLFNTVATL,1,0.9980823993682861,1
CATSSTGTGGGETQY,YLFNTVATL,1,0.9990046620368958,1
CATSSTGTGGGETQY,SAFNTVATL,1,0.9921063184738159,1
CATSSTGTGGGETQY,SIFNTVATL,1,0.9943021535873413,1
CATSSTGTGGGETQY,SKFNTVATL,1,0.9965459704399109,1
CATSSTGTGGGETQY,SMFNTVATL,1,0.98403000831604,1
CATSSTGTGGGETQY,SQFNTVATL,1,0.9968787431716919,1
CATSSTGTGGGETQY,STFNTVATL,1,0.9967380166053772,1
CATSSTGTGGGETQY,SVFNTVATL,1,0.9938549399375916,1
CATSSTGTGGGETQY,SLHNTVATL,1,0.9992504715919495,1
CATSSTGTGGGETQY,SLINTVATL,1,0.9972631931304932,1
CATSSTGTGGGETQY,SLPNTVATL,1,0.9990359544754028,1
CATSSTGTGGGETQY,SLFCTVATL,1,0.997053861618042,1
CATSSTGTGGGETQY,SLFDTVATL,1,0.9911382794380188,1
CATSSTGTGGGETQY,SLFNSVATL,1,0.9849604964256287,1
CATSSTGTGGGETQY,SLFNTIATL,1,0.9975195527076721,1
CATSSTGTGGGETQY,SLFNTLATL,1,0.9970210194587708,1
CATSSTGTGGGETQY,SLFNTYATL,1,0.9971092343330383,1
CATSSTGTGGGETQY,SLFNTVETL,1,0.974777102470398,1
CATSSTGTGGGETQY,SLFNTVGTL,1,0.9948269724845886,1
CATSSTGTGGGETQY,SLFNTVMTL,1,0.9961089491844177,1
CATSSTGTGGGETQY,SLFNTVPTL,1,0.9807907342910767,1
CATSSTGTGGGETQY,SLFNTVAAL,1,0.9955036044120789,1
CATSSTGTGGGETQY,SLFNTVACL,1,0.9905540347099304,1
CATSSTGTGGGETQY,SLFNTVAIL,1,0.9961366057395935,1
CATSSTGTGGGETQY,SLFNTVAKL,1,0.9868415594100952,1
CATSSTGTGGGETQY,SLFNTVAML,1,0.9959030747413635,1
CATSSTGTGGGETQY,SLFNTVANL,1,0.9786932468414307,1
CATSSTGTGGGETQY,SLFNTVARL,1,0.9530296325683594,1
CATSSTGTGGGETQY,SLFNTVASL,1,0.987666130065918,1
CATSSTGTGGGETQY,SLFNTVAVL,1,0.9957401752471924,1
CATSSTGTGGGETQY,SLFNTVATA,1,0.9888852834701538,1
CATSSTGTGGGETQY,SLFNTVATE,1,0.9898049831390381,1
CATSSTGTGGGETQY,SLFNTVATF,1,0.9971855282783508,1
CATSSTGTGGGETQY,SLFNTVATG,1,0.9892845749855042,1
CATSSTGTGGGETQY,SLFNTVATI,1,0.995857298374176,1
CATSSTGTGGGETQY,SLFNTVATM,1,0.9934605360031128,1
CATSSTGTGGGETQY,SLFNTVATN,1,0.9766031503677368,1
CATSSTGTGGGETQY,SLFNTVATP,1,0.9786115288734436,1
CATSSTGTGGGETQY,SLFNTVATQ,1,0.9856723546981812,1
CATSSTGTGGGETQY,SLFNTVATS,1,0.9880495667457581,1
CATSSTGTGGGETQY,SLFNTVATT,1,0.9857901334762573,1
CATSSTGTGGGETQY,SLFNTVATV,1,0.9936409592628479,1
CASSFRGGKTQY,IPLTEEAEF,1,0.9879635572433472,1
CASSVDKGGADEQF,IIKDYGKQMA,1,0.9776907563209534,1
CASSVDKGGTDTQY,IIKDYGKQMA,1,0.9695097804069519,1
CASSEDKGGGDTQY,IIKDYGKQMA,1,0.975261926651001,1
CVSSVDKGGTDTQY,IIKDYGKQMA,1,0.993545413017273,1
CASSSPGTGVNEQF,LGYGFVNYV,1,0.994683563709259,1
CASSVPGAGEETQY,LLFGYPVVV,1,0.8328338861465454,1
CASSVPGAGEETQY,LLFGYPVLV,1,0.9323261976242065,1
CASSVPGAGEETQY,LLFGYPVIV,1,0.9278168082237244,1
CASSVPGAGEETQY,LLFGYPVMV,1,0.892664909362793,1
CASSVPGAGEETQY,LLFGYPVWV,1,0.9362621307373047,1
CASSVPGAGEETQY,LLFGYPVHV,1,0.7812340259552002,1
CASSVPGAGEETQY,LLFGYPVRV,1,0.6391499042510986,1
CASSVPGAGEETQY,LLFGYPVKV,1,0.6570417284965515,1
CASSVPGAGEETQY,LLFGYPVDV,1,0.8899498581886292,1
CASSVPGAGEETQY,LLFGYPVEV,1,0.8616296052932739,1
CASSVPGAGEETQY,LLFGYPVNV,1,0.8356972932815552,1
CASSVPGAGEETQY,LLFGYPVQV,1,0.9610327482223511,1
CASSVPGAGEETQY,LLFGYPVSV,1,0.8073098659515381,1
CASSVPGAGEETQY,LLFGYPVTV,1,0.7351126670837402,1
CASSSPGQGNYEQY,LLFGYPVVV,1,0.999625563621521,1
CASSSPGQGNYEQY,LLFGYPVLV,1,0.9996515512466431,1
CASSSPGQGNYEQY,LLFGYPVIV,1,0.9996830224990845,1
CASSSPGQGNYEQY,LLFGYPVMV,1,0.9996359348297119,1
CASSSPGQGNYEQY,LLFGYPVWV,1,0.9995262622833252,1
CASSSPGQGNYEQY,LLFGYPVHV,1,0.9994600415229797,1
CASSSPGQGNYEQY,LLFGYPVRV,1,0.9979928731918335,1
CASSSPGQGNYEQY,LLFGYPVKV,1,0.9994420409202576,1
CASSSPGQGNYEQY,LLFGYPVDV,1,0.9994404911994934,1
CASSSPGQGNYEQY,LLFGYPVEV,1,0.9985383749008179,1
CASSSPGQGNYEQY,LLFGYPVNV,1,0.9995617270469666,1
CASSSPGQGNYEQY,LLFGYPVQV,1,0.9996511936187744,1
CASSSPGQGNYEQY,LLFGYPVSV,1,0.9990585446357727,1
CASSSPGQGNYEQY,LLFGYPVTV,1,0.9994452595710754,1
CASSTPGQGAYEQY,LLFGYPVVV,1,0.9771948456764221,1
CASSTPGQGAYEQY,LLFGYPVLV,1,0.9946318864822388,1
CASSTPGQGAYEQY,LLFGYPVIV,1,0.9937121868133545,1
CASSTPGQGAYEQY,LLFGYPVMV,1,0.9924957752227783,1
CASSTPGQGAYEQY,LLFGYPVWV,1,0.9975874423980713,1
CASSTPGQGAYEQY,LLFGYPVHV,1,0.9916681051254272,1
CASSTPGQGAYEQY,LLFGYPVRV,1,0.993395984172821,1
CASSTPGQGAYEQY,LLFGYPVKV,1,0.995460569858551,1
CASSTPGQGAYEQY,LLFGYPVEV,1,0.9943224191665649,1
CASSTPGQGAYEQY,LLFGYPVNV,1,0.9965757727622986,1
CASSTPGQGAYEQY,LLFGYPVQV,1,0.9966644644737244,1
CASSTPGQGAYEQY,LLFGYPVSV,1,0.9541352391242981,1
CASSTPGQGAYEQY,LLFGYPVTV,1,0.9841774702072144,1
CASSYPGQGEHEQY,LLFGYPVVV,1,0.9668983221054077,1
CASSYPGQGEHEQY,LLFGYPVLV,1,0.9618731141090393,1
CASSYPGQGEHEQY,LLFGYPVIV,1,0.9895458817481995,1
CASSYPGQGEHEQY,LLFGYPVMV,1,0.9930849075317383,1
CASSYPGQGEHEQY,LLFGYPVWV,1,0.9957624077796936,1
CASSYPGQGEHEQY,LLFGYPVHV,1,0.9768820405006409,1
CASSYPGQGEHEQY,LLFGYPVRV,1,0.9862057566642761,1
CASSYPGQGEHEQY,LLFGYPVKV,1,0.9919737577438354,1
CASSYPGQGEHEQY,LLFGYPVDV,1,0.9943261742591858,1
CASSYPGQGEHEQY,LLFGYPVEV,1,0.9957849383354187,1
CASSYPGQGEHEQY,LLFGYPVNV,1,0.9964126944541931,1
CASSYPGQGEHEQY,LLFGYPVQV,1,0.9974457025527954,1
CASSYPGQGEHEQY,LLFGYPVSV,1,0.9952415227890015,1
CASSYPGQGEHEQY,LLFGYPVTV,1,0.9970117807388306,1
CASSSPGTGVNEQF,LLFGYPVVV,1,0.9987096786499023,1
CASSSPGTGVNEQF,LLFGYPVLV,1,0.9985300302505493,1
CASSSPGTGVNEQF,LLFGYPVIV,1,0.9987760186195374,1
CASSSPGTGVNEQF,LLFGYPVMV,1,0.9989990592002869,1
CASSSPGTGVNEQF,LLFGYPVWV,1,0.9982385635375977,1
CASSSPGTGVNEQF,LLFGYPVHV,1,0.9992907047271729,1
CASSSPGTGVNEQF,LLFGYPVRV,1,0.9971663355827332,1
CASSSPGTGVNEQF,LLFGYPVKV,1,0.9904745221138,1
CASSSPGTGVNEQF,LLFGYPVEV,1,0.9966292977333069,1
CASSSPGTGVNEQF,LLFGYPVNV,1,0.9992699027061462,1
CASSSPGTGVNEQF,LLFGYPVQV,1,0.9994105100631714,1
CASSSPGTGVNEQF,LLFGYPVSV,1,0.9987859129905701,1
CASSSPGTGVNEQF,LLFGYPVTV,1,0.9989194869995117,1
CASTGTYGYT,KGFSPEVIPMF,1,0.9924151301383972,1
CASTGTYGYT,KNFSPEVIPMF,1,0.9941680431365967,1
CASTGTYGYT,KGFNPEVIPMF,1,0.962319016456604,1
CASTGTYGYT,KGFKPEVIPMF,1,0.9805322289466858,1
CASSLAGSKLYEQYF,SEHEGSGPEL,1,0.9705468416213989,1
CASSKGGTEAF,TLLANVTAV,1,0.9992501139640808,1
CASSLGGTEAF,TLLANVTAV,1,0.999778687953949,1
CASTQRRAGTEAFF,AALPILFQV,0,0.38961443305015564,0
CASSPRGRTNTQYF,AEHSLQVAY,0,0.6169971823692322,1
CASSFFTSNTEAFF,AEHSLQVAY,0,0.49578365683555603,0
CASSSEGLAEDYEQYF,ALHGGWTTK,0,0.15448954701423645,0
CASSFPGTGSGTEAFF,ALHGGWTTK,0,0.2765004634857178,0
CASSQGWDDYNEQFF,ALLLQLFTL,0,0.6212952733039856,1
CASSETSPNTGELFF,ALLPGLPAA,0,0.17180556058883667,0
CASTFGQGPATEAFF,ALLPGLPAA,0,0.13315051794052124,0
CASSPGRQGQDIQYF,ALLPGLPAA,0,0.2990235388278961,0
CATSDWVSGNTIYF,ALLPGLPAA,0,0.3388935327529907,0
CSAGRDRGRNTIYF,ALQIPFAMQM,0,0.9982328414916992,1
CASSYVGLAGPSTDTQYF,ATDALMTGF,0,0.4857155680656433,0
CASSSLGEFANEKLFF,AVGVGKSAL,0,0.20641867816448212,0
CASSYSKAGYTF,AVGVGKSAL,0,0.9949840307235718,1
CSAHAGTRLLNEQFF,FAMQMAYRF,0,0.9409593343734741,1
CASRSYGLLSSYNEQFF,FAMQMAYRF,0,0.5022926926612854,1
CAVGGYQPQHF,FAMQMAYRF,0,0.5096561312675476,1
CASSLDTGRANSPLHF,FGDHPGHSY,0,0.11389699578285217,0
CASSSPGLGPNYGYTF,FIASNGVKLV,0,0.2606233060359955,0
CASSDLGTSGRAWETQYF,FIASNGVKLV,0,0.1269901543855667,0
CSASTPGSDYGYTF,FPQSAPHGVVF,0,0.11019766330718994,0
CASSLGTRRDGNEQFF,FTSDYYQLY,0,0.6727049946784973,1
CASSYSVGGSSSTDTQYF,GARGVGKSAL,0,0.18653477728366852,0
CSARDEGLARHTDTQYF,GLMWLSYFV,0,0.22875291109085083,0
CAWSFGTQRELFF,GPRLGVRAT,0,0.1209602802991867,0
CATSAGLAGGETQYF,GPRLGVRAT,0,0.4829917550086975,0
CASIQGIGTEAFF,GPRLGVRAT,0,0.16199031472206116,0
CSARVESVAAEQYF,GPRLGVRAT,0,0.19458714127540588,0
CASRPNRDRDVDEQYF,GPRLGVRAT,0,0.21973487734794617,0
CASARGVRHSGANVLTF,GPRLGVRAT,0,0.12308119982481003,0
CASSPPLGGVMNTEAFF,GPRLGVRAT,0,0.15742208063602448,0
CASSFGSLAGDNEQFF,GRLKALCQR,0,0.5672544240951538,1
CASNEPGEGTEAFF,GVYALIAGA,0,0.09795530140399933,0
CASSLLAGVPNDGYTF,GVYALIAGA,0,0.4413451552391052,0
CASSQGGGGSNYNEQFF,GVYALIAGA,0,0.4416692852973938,0
CASSVEPLGSGGYNEQFF,GVYALIAGA,0,0.2294468879699707,0
CASSLAGDGSSYNSPLHF,HTQGYFPDW,0,0.3016462028026581,0
CSARDRVGGAYNEQFF,HYPYRLWHY,0,0.4649023413658142,0
CASRSWGGGTGELFF,KAALDLSHF,0,0.5552027225494385,1
CASSHHWAARGYEQYF,KAALDLSHF,0,0.29802021384239197,0
CSAPRGGQGYNEQFF,KAALDLSHF,0,0.2212805151939392,0
CASGGFGGLKKSYNEQFF,KAALDLSHF,0,0.4652494490146637,0
CASGTRDRPNGYTF,KAALDLSHF,0,0.18777400255203247,0
CASSYYEGSDEQYF,KAAVDLSHF,0,0.19931566715240479,0
CASKEQGVHTGELFF,KIYSKHTPI,0,0.3384496867656708,0
CASSQDSGGRNQPQHF,KLVAMGINAV,0,0.3395300805568695,0
CATSDPRRALNEQFF,KLVAMGINAV,0,0.26347506046295166,0
CASSEERELGKNIQYF,KLVAMGINAV,0,0.33047163486480713,0
CASSTDGTSYYEQYF,KLVAMGINAV,0,0.6102335453033447,1
CASSESGPSGQYF,KLVAMGINAV,0,0.31102225184440613,0
CAWRGGGQGNTIYF,KPRQKRTAT,0,0.09796703606843948,0
CASSSSGLFYEQYF,KQIYKTPPI,0,0.19169709086418152,0
CSALPHPTGQAASYGYTF,KSALDLSHF,0,0.31804677844047546,0
CAISESGHLNTGELFF,KSALDLSHF,0,0.25153592228889465,0
CASSEPQSYYEQYF,KSALDLSHF,0,0.6027247905731201,1
CSARAPFAMNTEAFF,KSKRTPMGF,0,0.19432123005390167,0
CASSWAWGSSYEQYF,LLGRNSFEV,0,0.09541841596364975,0
CASSYGAGQGAFGYTF,LLIRWQHFL,0,0.13573215901851654,0
CASSYSTGTGQLDGSPLHF,LLVDLAEEL,0,0.10472232848405838,0
CSAISSGTYPYGYTF,MLAKALRKV,0,0.2907353341579437,0
CASRGDRGQDEKLFF,MLAKALRKV,0,0.23982149362564087,0
CSASQGAGGNAIYF,MQLFFSYFA,0,0.36316201090812683,0
CASSGAVFAFF,NTQGYFPDW,0,0.6144471168518066,1
CASSSSLVFFEWDTQYF,NYMPYFFTL,0,0.4691492021083832,0
CASSQIGHTQYF,PTDNYITTY,0,0.7880762219429016,1
CASSETRGSGRLLSYEQYF,PTDNYITTY,0,0.21963077783584595,0
CASSRGQGARAYNEQFF,RAQAPPPSW,0,0.17609745264053345,0
CASSWNRGHDVFTNEKLFF,RAQAPPPSW,0,0.12841930985450745,0
CASSLLVGGIGQFF,RARSVASQSI,0,0.10217937082052231,0
CAWTRLDREAFF,RIRGGDGKM,0,0.13197045028209686,0
CASSEAQRAPQHF,RLGEVRHPV,0,0.11441856622695923,0
CSARVPAKTDTQYF,RLGPVQNEV,0,0.12606053054332733,0
CAWEARGYPGDTQYF,RLGPVQNEV,0,0.1662181317806244,0
CASSLRVGDSPLSYEQYF,RLITGRLQSL,0,0.4144200384616852,0
CAISEGDLPYEQYF,RLITGRLQSL,0,0.7430195212364197,1
CASSPPPQGNEQYF,RLITGRLQSL,0,0.27645060420036316,0
CASSLEFRGRNYNEQFF,RLITGRLQSL,0,0.21575230360031128,0
CASSSQDRETGELFF,RLITGRLQSL,0,0.23294278979301453,0
CASSQDRGGVGAFF,RLITGRLQSL,0,0.22721663117408752,0
CASSVASGGALYYNEQFF,RLITGRLQSL,0,0.3212893009185791,0
CASSSGWGGRSDEQFF,RLITGRLQSL,0,0.1433865875005722,0
CASSAPGLANHEQYF,RLPAKAPL,0,0.34543120861053467,0
CASGQDGSTDTQYF,RMWDFDIFL,0,0.8444136381149292,1
CASSAVGGLATSQYF,RMWDFDIFL,0,0.09314484894275665,0
CASTRRGLAGGYYEQYF,RMYSPVSI,0,0.16101664304733276,0
CASSLGTMGEKLFF,RMYSPVSIL,0,0.7637690901756287,1
CASSEYKRAYNEQFF,SLLRSLENV,0,0.10640133172273636,0
CASSEYRVILNTGELFF,SLLRSLENV,0,0.24425947666168213,0
CASSPPGLARQFF,SLLRSLENV,0,0.22508607804775238,0
CAWSFPGGGDYGYTF,TLATHGLAAV,0,0.289617657661438,0
CASSLQVWENYGYTF,TPAAPAPA,0,0.3866637349128723,0
CASSLNRFHYGYTF,TSTLAEQIAW,0,0.7224294543266296,1
CASGQGTAKTGELFF,TSTLAEQMAW,0,0.08631080389022827,0
CASDEGGISYEQYF,TSTLAEQMAW,0,0.12515076994895935,0
CASSLVGAAVPKGQYF,TSTLAEQMAW,0,0.2411453276872635,0
CASSIAVSKAEAFF,TSTLAEQVAW,0,0.6886764168739319,1
CASSVFTGKSSNQPQHF,TSTLSEQVAW,0,0.26778173446655273,0
CAGSPGQGVRETQYF,TSTLTEQIAW,0,0.4439886808395386,0
CSARGGQVSNQPQHF,TSTLTEQVAW,0,0.12118938565254211,0
CASSSTPGGVKSPLHF,VLDGFIPGT,0,0.3477208614349365,0
CASSPTGTIPLNEKLFF,VLDGFIPGT,0,0.3979557156562805,0
CATSDFAGREVDTQYF,VLDGFIPGT,0,0.30950117111206055,0
CASSSLPGQGYDAFF,VLDGFIPGT,0,0.3963277041912079,0
CASSLPGGRFREQYF,VVGAVGVGK,0,0.146239772439003,0
CASSYSLYGASYEQYF,VVVGADGVGK,0,0.4042412340641022,0
CSASQGLAGGLGDTQYF,VVVGAVGVGK,0,0.19008220732212067,0
CASSAPGLPNTEAFF,VVVGAVGVGK,0,0.17678962647914886,0
CASSLGIAGGISTDTQYF,VYAWNRKRI,0,0.018227456137537956,0
CASSFTPGLFPEGYTF,VYFLQSINF,0,0.22270599007606506,0
CSASRNVGFTDTQYF,VYIGDPAQL,0,0.06476756185293198,0
CASSYYAGTGSRNEQFF,WMRLLPLL,0,0.12880447506904602,0
CASSLDLSGFGTEAFF,WVLALFDEV,0,0.03273816406726837,0
CASSPEISLAGVTYNEQFF,WVLALFDEV,0,0.031153954565525055,0
CASSLAPTSGQSYEQYF,YILKYSVFL,0,0.308217853307724,0
CASSPLDWGSKAEAFF,YILKYSVFL,0,0.14146579802036285,0
CASSGGLVFYGYTF,YILKYSVFL,0,0.2345096617937088,0
CASSSGQGARSGYGYTF,YILKYSVFL,0,0.2057686299085617,0
CSASRTNSEQFF,YILKYSVFL,0,0.05558795854449272,0
CATGTRLEQFF,YILKYSVFL,0,0.40862026810646057,0
CATSMGPGASNEKLFF,YILKYSVFL,0,0.14421823620796204,0
CASLPGRGSWTEQYF,YILKYSVFL,0,0.17024055123329163,0
CASSSLGGRFSSNQPQHF,YILKYSVFL,0,0.4668293595314026,0
CSARRTPGGQGAQETQYF,YILKYSVFL,0,0.12201548367738724,0
CSAGEGTANYGYTF,YPDKVFRSSV,0,0.3003583252429962,0
CASRKQGGKSEQYF,YPDKVFRSSV,0,0.19883176684379578,0
CASSLEVSGRVDTQYF,YYTSNPTTF,0,0.06032842770218849,0
CASSRTSRLDNEQFF,SMLGIGIYPV,0,0.3202908933162689,0
CASSQVWDYTNTGELFF,LMFDRGMSLL,0,0.21652254462242126,0
CASSSMTLGQGNEQFF,ILEDRGFNQV,0,0.1888120472431183,0
CAWSVAGGRQYF,NLSNLGILPV,0,0.09587641805410385,0
CASNPHPRQGYGYTF,IMEDVGWLNV,0,0.22294746339321136,0
CASSQDGGFGVIYEQYF,NMGGLGIMPV,0,0.4981370270252228,0
CASSPYNGQTGNTIYF,MMWDRGMGLL,0,0.04387280344963074,0
CASSLGDVGGRELFF,SMAGIGIVDV,0,0.526343584060669,1
CSAINVGDQPQHF,ALDSRSEHFM,0,0.17430485785007477,0
CASSQEGDRGVAQYF,AMDSRADMFV,0,0.16420099139213562,0
CAITQEEGDRPQHF,SMNSREEVFV,0,0.12438394129276276,0
CASSLTRSGRITDTQYF,IMDSKSENFL,0,0.4375,0
CATSRPGHNYEQYF,SMNSHSGTFL,0,0.1915527731180191,0
CASRTMGASSYEQYF,ALFNTVATL,0,0.20890215039253235,0
CASSDSGGGSSGELFF,CLFNTVATL,0,0.22313319146633148,0
CASSYNRGRGGQPQHF,DLFNTVATL,0,0.2523416578769684,0
CASSTNRGSEGYTF,ELFNTVATL,0,0.16466443240642548,0
CATSDPDSRNQPQHF,FLFNTVATL,0,0.14333775639533997,0
CASSPGRGHYGYTF,GLFNTVATL,0,0.17539361119270325,0
CAISGQGARPYEQYF,HLFNTVATL,0,0.31227272748947144,0
CASSWEGTSGGATDTQYF,ILFNTVATL,0,0.2643631398677826,0
CASGLVLQLATEAFF,KLFNTVATL,0,0.621494472026825,1
CSAIPGPREDQPQHF,LLFNTVATL,0,0.22899273037910461,0
CASSSWPIGRQETQYF,MLFNTVATL,0,0.1639196127653122,0
CSAKTSMGTDTQYF,NLFNTVATL,0,0.10583095252513885,0
CASSLGDNNEQFF,PLFNTVATL,0,0.981712281703949,1
CASSQDGRRAAGETDTQYF,QLFNTVATL,0,0.1630471646785736,0
CASTSGGPLSSPLHF,RLFNTVATL,0,0.44299930334091187,0
CASSEWVGQDEQYF,TLFNTVATL,0,0.5869880318641663,1
CSARGPHQENTIYF,VLFNTVATL,0,0.17570222914218903,0
CASKGALGEDNEQFF,WLFNTVATL,0,0.02618684060871601,0
CASSPPVTSERRF,SIFNTVATL,0,0.22516092658042908,0
CATKGGWNEQFF,SMFNTVATL,0,0.12257175147533417,0
CASAEGNNQPQHF,STFNTVATL,0,0.4063695967197418,0
CSAPPASSGVSDTQYF,SVFNTVATL,0,0.3001345992088318,0
CSARGGRARDNEQFF,SLCNTVATL,0,0.14388829469680786,0
CASSYSPGQFSGANVLTF,SLWNTVATL,0,0.22591730952262878,0
CARLPRKGAVYEQYF,SLFCTVATL,0,0.38992637395858765,0
CASRAAGGPRYEQYF,SLFHTVATL,0,0.044915709644556046,0
CASGGYGTGAYEQYF,SLFWTVATL,0,0.24364781379699707,0
CASNLRGVSYNEQFF,SLFYTVATL,0,0.094321608543396,0
CASSTHVAGVRETQYF,SLFNSVATL,0,0.36871403455734253,0
CASSQDYGTTYEQYF,SLFNTFATL,0,0.7671675086021423,1
CASSIADWTEAFF,SLFNTGATL,0,0.6380053758621216,1
CASSLKSEEAESEAFF,SLFNTIATL,0,0.19906379282474518,0
CASSLILRSADTQYF,SLFNTKATL,0,0.2660391330718994,0
CASSTPIAGISTDTQYF,SLFNTLATL,0,0.4263157546520233,0
CASSIIPGDSNQPQHF,SLFNTPATL,0,0.14727336168289185,0
CASSVGEGGLNNEQFF,SLFNTTATL,0,0.1958707720041275,0
CASSLLSLPYEQYF,SLFNTVCTL,0,0.8016588091850281,1
CASSFGHPTEQYF,SLFNTVETL,0,0.24752363562583923,0
CSASRNSGRSAYEQYF,SLFNTVGTL,0,0.012338860891759396,0
CASSVRQGARSEQYF,SLFNTVITL,0,0.05538893863558769,0
CATARGGMNTEAFF,SLFNTVLTL,0,0.16646231710910797,0
CASSMGTAAGETQYF,SLFNTVMTL,0,0.6868379712104797,1
CASSWGRGAVSYNEQFF,SLFNTVPTL,0,0.3311408460140228,0
CASRPNPSKDRGVSPLHF,SLFNTVRTL,0,0.08797360211610794,0
CASRTGSGSSQETQYF,SLFNTVSTL,0,0.2767314612865448,0
CASSIRGGTGGKQPQHF,SLFNTVTTL,0,0.18411338329315186,0
CASSMSGQHYEQYF,SLFNTVVTL,0,0.1761883795261383,0
CASSQAGSSGSTDTQYF,SLFNTVWTL,0,0.2917816936969757,0
CASTGTGGASNEQFF,SLFNTVAIL,0,0.32486480474472046,0
CASTNLTRSRLSYNEQFF,SLFNTVALL,0,0.15699142217636108,0
CASSARGTGVSGANVLTF,SLFNTVATF,0,0.20056067407131195,0
CASRNLAGGRRRTDTQYF,SLFNTVATI,0,0.035632845014333725,0
CASTQDRRISGANVLTF,SLFNTVATM,0,0.37654465436935425,0
CASSHMAGSDNEQFF,SLFNTVATP,0,0.45219314098358154,0
CASARGQVNEQYF,SLFNTVATT,0,0.14146006107330322,0
CASSPTEGNYGYTF,SLFNTVATV,0,0.9526453018188477,1
CASSVGLAGLRGTGELFF,ALFNTVATL,0,0.3537931442260742,0
CASRVAGAFYNEQFF,CLFNTVATL,0,0.059795740991830826,0
CASTHPTSGAGDKQYF,DLFNTVATL,0,0.4063061773777008,0
CASFRSGSGEQFF,ELFNTVATL,0,0.12258750945329666,0
CASSESSDTGELFF,FLFNTVATL,0,0.15820400416851044,0
CASSPTRDAGEQYF,GLFNTVATL,0,0.17659907042980194,0
CASSFKRWDNTEAFF,HLFNTVATL,0,0.25065019726753235,0
CASSLLSTGPEQYF,ILFNTVATL,0,0.24600784480571747,0
CASSQADRAKGSYNSPLHF,KLFNTVATL,0,0.21465443074703217,0
CASRVYREGLSLEEKLFF,LLFNTVATL,0,0.19546352326869965,0
CASSLAGDRGREAFF,MLFNTVATL,0,0.10588628798723221,0
CAWNPRTGVGIDTQYF,NLFNTVATL,0,0.3089688718318939,0
CSASLPFGWDEKLFF,PLFNTVATL,0,0.20329605042934418,0
CATSDDRSKVAGANVLTF,QLFNTVATL,0,0.11246861517429352,0
CASSKNPGRYQETQYF,TLFNTVATL,0,0.08164669573307037,0
CASSQRATLAEAFF,VLFNTVATL,0,0.38837945461273193,0
CATLPGHLNTEAFF,WLFNTVATL,0,0.11586233228445053,0
CASRSPRLAKNIQYF,YLFNTVATL,0,0.05982073023915291,0
CASSDTGVPLNYGYTF,SAFNTVATL,0,0.35630878806114197,0
CASPLRRPGAYEQYF,SIFNTVATL,0,0.4740331470966339,0
CASSQGLYRVHYEQYF,SKFNTVATL,0,0.2944468557834625,0
CASSRIGGWNTEAFF,SMFNTVATL,0,0.21086491644382477,0
CASSGRPLGLGRSRETQYF,SQFNTVATL,0,0.28286489844322205,0
CASSPGFERYSGNTIYF,STFNTVATL,0,0.28242310881614685,0
CASSQKLLAGAYNEQFF,SVFNTVATL,0,0.35845401883125305,0
CASRASRQSHGETQYF,SLHNTVATL,0,0.05531638115644455,0
CASRPKGLNYGYTF,SLINTVATL,0,0.702521800994873,1
CASAGQEYNSPLHF,SLPNTVATL,0,0.25333452224731445,0
CASSMTVVYGYTF,SLFCTVATL,0,0.4565993547439575,0
CASSWGQGYPGELFF,SLFDTVATL,0,0.8729870915412903,1
CASSRAQETGELFF,SLFNSVATL,0,0.15603454411029816,0
CASSRTSGRSPGDTQYF,SLFNTIATL,0,0.05783483386039734,0
CASTPLAGRGELFF,SLFNTLATL,0,0.38956448435783386,0
CASSLAPGGLGRLSEKLFF,SLFNTYATL,0,0.23422017693519592,0
CASSLSPLGATFF,SLFNTVETL,0,0.2408665269613266,0
CASSQPGQGRVEAFF,SLFNTVGTL,0,0.23041941225528717,0
CASSYEGYGNTIYF,SLFNTVMTL,0,0.7737892866134644,1
CASSPSLSSEQYV,SLFNTVPTL,0,0.47847074270248413,0
CASTYLGGSSYNEQFF,SLFNTVAAL,0,0.2621442377567291,0
CASSEVGGINTGELFF,SLFNTVACL,0,0.31233495473861694,0
CASSFVPISYNEQFF,SLFNTVAIL,0,0.44802573323249817,0
CASTRLAGGPPGTGELFF,SLFNTVAKL,0,0.2390299141407013,0
CSARVPSAFGYTF,SLFNTVAML,0,0.08719104528427124,0
CAWNVGLVAYF,SLFNTVANL,0,0.20488843321800232,0
CASSSLRFAYEQYF,SLFNTVARL,0,0.23432771861553192,0
CATSDSMDRGSYEQYF,SLFNTVASL,0,0.19528551399707794,0
CASHEQASNGYTF,SLFNTVAVL,0,0.05175340548157692,0
CASSEGFRVGETQYF,SLFNTVATA,0,0.25089266896247864,0
CASREQTYNEQFF,SLFNTVATE,0,0.1548585593700409,0
CASSLSDRGYNQPQHF,SLFNTVATF,0,0.1528788059949875,0
CASSLNEIELFF,SLFNTVATG,0,0.9108481407165527,1
CASSLMAHPRPTDTQYF,SLFNTVATI,0,0.24770179390907288,0
CASSPPRLGEAFF,SLFNTVATM,0,0.5991861820220947,1
CASSRSGTGFDEQFF,SLFNTVATN,0,0.24651597440242767,0
CATEKGTGSYEQYF,SLFNTVATP,0,0.6367972493171692,1
CASSLDQVNGYTF,SLFNTVATQ,0,0.9287525415420532,1
CSASHGLAHEQYF,SLFNTVATS,0,0.24763868749141693,0
CSASVVGTGRVGETQYF,SLFNTVATT,0,0.34790611267089844,0
CASRPVYIQTGELFF,SLFNTVATV,0,0.30141934752464294,0
CSARTGHGGYTF,IPLTEEAEF,0,0.16989575326442719,0
CASSSARIQETQYF,IPLTEEAEF,0,0.1715116649866104,0
CASTTTGTSGARETQYF,IIKDYGKQMA,0,0.2884098291397095,0
CASRQDREDYGYTF,IIKDYGKQMA,0,0.43079259991645813,0
CASSETGTVYF,IIKDYGKQMA,0,0.3808096647262573,0
CSATFGTIYEQYF,IIKDYGKQMA,0,0.16693110764026642,0
CASSLWYRVGGSPLHF,LGYGFVNYV,0,0.19165772199630737,0
CASSLGMRETTGELFF,LLFGYPVVV,0,0.06562179327011108,0
CASCRGRVVLSGNTIYF,LLFGYPVLV,0,0.14798347651958466,0
CASSTPGQGALGYTS,LLFGYPVIV,0,0.029462989419698715,0
CASSRGLWGKETQYF,LLFGYPVMV,0,0.13761112093925476,0
CAISESALNTEAFF,LLFGYPVWV,0,0.20950427651405334,0
CASSPRGGVSADTQYF,LLFGYPVHV,0,0.20839951932430267,0
CSAREAGLDEQYF,LLFGYPVRV,0,0.19292694330215454,0
CSARGHTDNEQYF,LLFGYPVKV,0,0.16250267624855042,0
CASSEGQGTNYEQYF,LLFGYPVDV,0,0.33454859256744385,0
CASSILKRRGQGGTGELFF,LLFGYPVEV,0,0.028205716982483864,0
CASSAGAGQAKNIQYF,LLFGYPVNV,0,0.13154904544353485,0
CSARAFKNRAHNEQFF,LLFGYPVQV,0,0.07856100052595139,0
CASTGEYSNQPQHF,LLFGYPVSV,0,0.08151836693286896,0
CASSFARGRVEQYF,LLFGYPVTV,0,0.07645228505134583,0
CASRRTAGGTQYF,LLFGYPVVV,0,0.14848412573337555,0
CASSLAYGSLYEQYF,LLFGYPVLV,0,0.18028883635997772,0
CASSPPGTRRVGVEDTQYF,LLFGYPVIV,0,0.032734740525484085,0
CASSLATRQEDTQYF,LLFGYPVMV,0,0.05514371022582054,0
CASSSGGTPSYGYTF,LLFGYPVWV,0,0.31647470593452454,0
CASRLAGGTVGELFF,LLFGYPVHV,0,0.02732892893254757,0
CASSPTANKEKLFF,LLFGYPVRV,0,0.06236627697944641,0
CAISTSDTSSSGNTIYF,LLFGYPVKV,0,0.09406575560569763,0
CASSEEATSRDTQYF,LLFGYPVDV,0,0.08070821315050125,0
CASKKGAGAIEGYTF,LLFGYPVEV,0,0.15398076176643372,0
CASSPAGTPNTEAFF,LLFGYPVNV,0,0.07111425697803497,0
CASRASPGLAGGEQFF,LLFGYPVQV,0,0.1489846557378769,0
CASRPQGDEAFF,LLFGYPVSV,0,0.3257962763309479,0
CASSSPRGGNLHNEQFF,LLFGYPVTV,0,0.08017642050981522,0
CASTDISAGTGELFF,LLFGYPVVV,0,0.05951308831572533,0
CASIGRPTSEQYF,LLFGYPVLV,0,0.012311873957514763,0
CASSKTSGNSDNEQFF,LLFGYPVIV,0,0.032715439796447754,0
CASSYFGDTGYPQYF,LLFGYPVMV,0,0.10350555181503296,0
CASRRGSKNTEAFF,LLFGYPVWV,0,0.34022700786590576,0
CASTRHGTTYEQYF,LLFGYPVHV,0,0.28371724486351013,0
CASAPAGDNEQFF,LLFGYPVRV,0,0.2843320369720459,0
CASSLTDSTEQYF,LLFGYPVKV,0,0.4306870698928833,0
CASSRGSFTEGYGYTF,LLFGYPVEV,0,0.13883867859840393,0
CASSILATGTGNEQYF,LLFGYPVNV,0,0.044557925313711166,0
CASSFGGGVPEQYF,LLFGYPVQV,0,0.13175560534000397,0
CASSPSAGLADTQYF,LLFGYPVSV,0,0.24431176483631134,0
CASSSLWTGGIGDTEAFF,LLFGYPVTV,0,0.08303236961364746,0
CATSASGSGSGNEQFF,LLFGYPVVV,0,0.02433016151189804,0
CSARRGREDYEQYF,LLFGYPVLV,0,0.06044105440378189,0
CASSLGFGGYGNEQYF,LLFGYPVIV,0,0.11906605958938599,0
CASSFVRQATNEKLFF,LLFGYPVMV,0,0.013602436520159245,0
CASSLALFGHGYTF,LLFGYPVWV,0,0.22703507542610168,0
CAWRGQGWFEFF,LLFGYPVHV,0,0.15982860326766968,0
CASSLGGTGNRFEQYF,LLFGYPVRV,0,0.07623157650232315,0
CASRLATSALLGYNEQFF,LLFGYPVKV,0,0.11262329667806625,0
CASSLAGQGRQTQYF,LLFGYPVDV,0,0.1179480105638504,0
CASIQPDRLQETQYF,LLFGYPVEV,0,0.1551119089126587,0
CASSLGQGGLIGYTF,LLFGYPVNV,0,0.09095461666584015,0
CASTPTSSRGGEQFF,LLFGYPVQV,0,0.02851168066263199,0
CASMGQGSITEAFF,LLFGYPVSV,0,0.0627942904829979,0
CASSSLDKESEAFF,LLFGYPVTV,0,0.10376833379268646,0
CASSLEPYGQGTEAFF,LLFGYPVVV,0,0.13851748406887054,0
CASSPGTGWKQPQHF,LLFGYPVLV,0,0.10788102447986603,0
CATSRDGETGGNQPQHF,LLFGYPVIV,0,0.06655687838792801,0
CACLQGTSSYEQYF,LLFGYPVMV,0,0.09508105367422104,0
CASSGRGHGNEKLFF,LLFGYPVWV,0,0.08188626170158386,0
CASASPGAGANVLTF,LLFGYPVHV,0,0.1065559834241867,0
CASSGMDGSNQPQHF,LLFGYPVRV,0,0.19735659658908844,0
CSALDSTTEAFF,LLFGYPVKV,0,0.1580294966697693,0
CSASPTEGVYNEQFF,LLFGYPVEV,0,0.15885193645954132,0
CAFRTGGDSPLHF,LLFGYPVNV,0,0.0838586613535881,0
CASRGGTAAVETQYF,LLFGYPVQV,0,0.2091512829065323,0
CAWSDRQGPFF,LLFGYPVSV,0,0.17052078247070312,0
CASSRQEDGEKLFF,LLFGYPVTV,0,0.05490169674158096,0
CASSPSEDRGRETQYF,KGFSPEVIPMF,0,0.15624061226844788,0
CSARDWEIAYGYTF,KNFSPEVIPMF,0,0.26711395382881165,0
CASRHDTRLTQYF,KGFNPEVIPMF,0,0.1636206954717636,0
CASSEADRRGEAFF,KGFKPEVIPMF,0,0.03387940302491188,0
CASSSVGWGDEQYF,KGFSPEVIPMF,0,0.3183140158653259,0
CASSVATGRGPYYEQYF,KNFSPEVIPMF,0,0.243960440158844,0
CSAETPGHLQETQYF,SEHEGSGPEL,0,0.56548672914505,1
CASTESLAGVGDTQYF,TLLANVTAV,0,0.3092721402645111,0
CASSLTVPVREQFF,TLLANVTAV,0,0.208597794175148,0
